Name,Price
"Converse X Feng Chen Wang Jack Purcell Mid Unisex Shoes - Obsidian - Navy, US 6",Rp689.700
"[BNIB] Sepatu Compass Retrograde Low 100% Original Guarantee - Hitam, CLICK BAITTTTTT",Rp538.000
"Ventela New Public Low Sepatu Vantela Original - 37, Dark Brown",Rp299.800
"Sepatu Converse All Star High Tanpa Boks - Hitam, 36",Rp53.000
"Sepatu sneakers Pria Dane and Dine S0030 Hitam - S0030 Black, 39",Rp99.000
Larocking - Vortex Hitam | Sepatu Sneakers Running Gym Shoes Sports,Rp99.900
Larocking - Vortex Abu | Sepatu Sneakers Running Gym Shoes Sports,Rp99.900
Dane and Dine Sneakers Man S0010 Black,Rp99.000
Larocking - Venta Vol 1 Coklat | Sepatu Sneakers Running Gym Shoes,Rp99.900
Larocking - Vortex Putih | Sepatu Sneakers Running Gym Shoes Sports,Rp99.900
Techdoo Sepatu Pria Olahraga Running Sepatu Sneakers Pria MR104,Rp99.000
Sepatu Sepeda Motor ALL Bike AP Boots Hujan ALLBIKE 100% Original 439,Rp50.000
Leedoo Sepatu Sneakers Pria Import Running Shoes Young Lifestyle EE01,Rp99.000
Larocking - Argon Vol 1 Hitam | Sepatu Sneakers Running Gym Shoes,Rp99.900
SEPATU PRIA ADIDAS QUESTAR TRAIL ALL BLACK ORIGINAL,Rp300.000
,
,
,
,
,
